City_ID,City,Country,Date,Lat,Lng,Max Temp,Humidity,Cloudiness,Wind Speed,Description
0,Dingle,PH,2020-08-30 18:03:53,11.0,122.67,77.56,84,100,5.1,overcast clouds
1,Qinhuangdao,CN,2020-08-30 18:03:53,39.93,119.59,69.67,84,13,1.25,few clouds
2,Tawau,MY,2020-08-30 18:03:53,4.25,117.89,77.0,88,20,3.36,few clouds
3,Arman,RU,2020-08-30 18:03:54,59.7,150.17,44.8,61,0,4.97,clear sky
4,Albany,US,2020-08-30 18:03:02,42.6,-73.97,71.01,43,22,4.0,few clouds
5,Tasiilaq,GL,2020-08-30 18:02:48,65.61,-37.64,44.6,70,100,2.24,overcast clouds
6,Pahrump,US,2020-08-30 18:03:55,36.21,-115.98,93.99,9,0,3.0,clear sky
7,Ponta Do Sol,PT,2020-08-30 18:03:55,32.67,-17.1,75.0,42,5,5.17,clear sky
8,Mataura,NZ,2020-08-30 18:03:55,-46.19,168.86,45.0,72,47,11.01,scattered clouds
9,Kapaa,US,2020-08-30 17:59:49,22.08,-159.32,79.0,74,40,16.11,scattered clouds
10,Busselton,AU,2020-08-30 18:03:56,-33.65,115.33,42.01,72,0,4.74,clear sky
11,Celestun,MX,2020-08-30 18:03:56,20.87,-90.4,90.12,57,16,4.21,few clouds
12,Tuktoyaktuk,CA,2020-08-30 18:03:56,69.45,-133.04,41.0,93,90,16.11,mist
13,Gorom-Gorom,BF,2020-08-30 18:03:57,14.44,-0.24,88.11,55,96,9.33,light rain
14,Rikitea,PF,2020-08-30 18:03:57,-23.12,-134.97,69.22,83,70,19.75,light rain
15,Vaini,TO,2020-08-30 18:03:58,-21.2,-175.2,75.2,88,20,9.17,few clouds
16,Atuona,PF,2020-08-30 18:03:58,-9.8,-139.03,78.58,79,48,22.68,light rain
17,Georgetown,MY,2020-08-30 18:03:58,5.41,100.34,80.6,94,40,3.36,scattered clouds
18,Lodhikheda,IN,2020-08-30 18:03:59,21.58,78.83,75.2,94,20,3.44,haze
19,Saskylakh,RU,2020-08-30 18:01:42,71.92,114.08,46.87,82,63,3.89,broken clouds
20,East London,ZA,2020-08-30 18:02:50,-33.02,27.91,51.8,62,30,10.29,scattered clouds
21,Chuy,UY,2020-08-30 18:03:59,-33.7,-53.46,52.23,58,98,5.03,overcast clouds
22,Saint-Joseph,RE,2020-08-30 18:03:59,-21.37,55.62,68.0,77,15,8.05,light rain
23,Arraial Do Cabo,BR,2020-08-30 18:00:05,-22.97,-42.03,89.6,55,0,9.17,clear sky
24,Nikolskoye,RU,2020-08-30 18:04:00,59.7,30.79,60.8,82,20,4.47,few clouds
25,Aswan,EG,2020-08-30 18:04:00,24.09,32.91,93.99,11,0,9.93,clear sky
26,Hilo,US,2020-08-30 18:00:05,19.73,-155.09,73.4,83,1,7.23,clear sky
27,Hutchinson,US,2020-08-30 18:04:00,38.06,-97.93,82.0,69,90,5.82,overcast clouds
28,Scottsbluff,US,2020-08-30 18:04:01,41.87,-103.67,90.0,19,1,19.46,clear sky
29,Leua,SK,2020-08-30 18:04:01,48.22,18.61,84.0,53,99,4.0,overcast clouds
30,Ushuaia,AR,2020-08-30 18:00:06,-54.8,-68.3,28.4,86,75,25.28,snow
31,Cidreira,BR,2020-08-30 18:04:02,-30.18,-50.21,58.08,92,100,14.61,light rain
32,Fort Nelson,CA,2020-08-30 18:04:02,58.81,-122.7,50.0,76,20,8.05,few clouds
33,Jamestown,US,2020-08-30 18:04:02,42.1,-79.24,69.01,68,90,8.05,overcast clouds
34,Ystad,SE,2020-08-30 18:04:02,55.43,13.82,64.4,72,12,5.82,few clouds
35,Port Alfred,ZA,2020-08-30 18:04:03,-33.59,26.89,52.0,68,32,12.06,scattered clouds
36,Souillac,MU,2020-08-30 18:02:57,-20.52,57.52,71.6,83,75,13.87,light intensity shower rain
37,Omboue,GA,2020-08-30 18:03:37,-1.57,9.26,74.8,83,75,10.67,broken clouds
38,Boddam,GB,2020-08-30 18:04:03,57.47,-1.78,53.6,76,11,4.7,few clouds
39,Port Elizabeth,ZA,2020-08-30 18:03:03,-33.92,25.57,50.0,81,20,9.17,few clouds
40,Seydi,TM,2020-08-30 18:04:03,39.48,62.91,78.94,17,34,11.39,scattered clouds
41,Puerto Ayora,EC,2020-08-30 18:04:04,-0.74,-90.35,75.2,60,20,13.87,few clouds
42,Tiarei,PF,2020-08-30 18:04:04,-17.53,-149.33,77.0,65,20,4.7,few clouds
43,Butaritari,KI,2020-08-30 18:04:04,3.07,172.79,82.49,74,37,11.52,scattered clouds
44,Kaitangata,NZ,2020-08-30 18:04:04,-46.28,169.85,55.99,40,100,13.0,overcast clouds
45,Yellowknife,CA,2020-08-30 18:04:05,62.46,-114.35,52.0,66,20,17.22,few clouds
46,Zhezkazgan,KZ,2020-08-30 18:04:05,47.8,67.71,71.6,28,0,13.42,clear sky
47,Victoria,HK,2020-08-30 18:04:05,22.29,114.16,84.0,79,95,3.0,light rain
48,Castro,BR,2020-08-30 18:00:28,-24.79,-50.01,79.99,41,0,5.44,clear sky
49,Caravelas,BR,2020-08-30 18:04:06,-17.71,-39.25,79.56,68,40,9.86,scattered clouds
50,Iqaluit,CA,2020-08-30 18:00:12,63.75,-68.51,51.8,66,20,5.82,few clouds
51,Ermelo,ZA,2020-08-30 18:04:06,-26.53,29.98,49.6,91,53,6.2,broken clouds
52,Hella,NO,2020-08-30 18:04:06,67.2,14.43,50.0,61,40,3.36,scattered clouds
53,Bambous Virieux,MU,2020-08-30 18:04:06,-20.34,57.76,71.6,83,75,13.87,light intensity shower rain
54,Evensk,RU,2020-08-30 18:04:06,61.95,159.23,44.38,68,8,9.06,clear sky
55,Marawi,PH,2020-08-30 18:04:07,8.0,124.29,77.0,86,100,7.0,overcast clouds
56,Leningradskiy,RU,2020-08-30 18:04:07,69.38,178.42,35.33,91,100,10.13,overcast clouds
57,Bluff,NZ,2020-08-30 18:04:07,-46.6,168.33,45.0,72,73,11.01,broken clouds
58,Aykhal,RU,2020-08-30 18:04:07,66.0,111.5,48.2,66,90,2.24,haze
59,Luwuk,ID,2020-08-30 18:04:08,-0.95,122.79,78.04,73,91,6.38,overcast clouds
60,Flinders,AU,2020-08-30 18:04:08,-34.58,150.86,64.0,81,58,1.01,broken clouds
61,Abu Zabad,SD,2020-08-30 18:04:08,12.35,29.25,80.02,69,60,7.92,light rain
62,Hithadhoo,MV,2020-08-30 18:04:08,-0.6,73.08,82.24,76,11,12.64,few clouds
63,Margate,GB,2020-08-30 18:04:09,51.38,1.39,61.0,79,90,8.99,overcast clouds
64,Hobyo,SO,2020-08-30 18:04:09,5.35,48.53,78.19,77,4,25.75,clear sky
65,Lubao,PH,2020-08-30 18:04:09,14.92,120.55,78.8,88,75,5.82,broken clouds
66,Saint-Philippe,RE,2020-08-30 18:04:09,-21.36,55.77,68.0,77,29,8.05,light rain
67,Sioux Lookout,CA,2020-08-30 18:04:10,50.1,-91.92,66.2,63,40,6.93,scattered clouds
68,Upernavik,GL,2020-08-30 18:04:10,72.79,-56.15,42.22,75,38,7.92,scattered clouds
69,Punta Arenas,CL,2020-08-30 18:04:10,-53.15,-70.92,35.6,47,75,21.92,broken clouds
70,Norman Wells,CA,2020-08-30 18:02:58,65.28,-126.83,51.8,62,75,12.75,broken clouds
71,Leh,IN,2020-08-30 18:04:10,34.17,77.58,61.65,29,0,4.36,clear sky
72,Aklavik,CA,2020-08-30 18:04:11,68.22,-135.01,44.6,81,90,6.93,overcast clouds
73,Polson,US,2020-08-30 18:04:11,47.69,-114.16,64.0,34,0,5.99,clear sky
74,Ampanihy,MG,2020-08-30 18:04:11,-24.7,44.75,75.27,56,54,8.79,broken clouds
75,Yulara,AU,2020-08-30 18:04:11,-25.24,130.99,59.0,44,0,5.82,clear sky
76,Masyaf,SY,2020-08-30 18:04:12,35.07,36.34,84.2,74,0,3.36,clear sky
77,Manokwari,ID,2020-08-30 18:04:12,-0.87,134.08,78.8,72,77,5.44,light rain
78,Khatanga,RU,2020-08-30 18:04:12,71.97,102.5,45.75,84,100,8.01,overcast clouds
79,Bethel,US,2020-08-30 18:04:13,41.37,-73.41,75.99,59,15,5.99,few clouds
80,Sao Filipe,CV,2020-08-30 18:04:13,14.9,-24.5,79.32,78,41,9.64,scattered clouds
81,Qaanaaq,GL,2020-08-30 18:04:13,77.48,-69.36,34.02,77,0,4.34,clear sky
82,Ambatofinandrahana,MG,2020-08-30 18:04:13,-20.55,46.8,56.32,84,6,5.73,clear sky
83,Half Moon Bay,US,2020-08-30 18:04:00,37.46,-122.43,69.01,77,40,4.7,smoke
84,Broken Hill,AU,2020-08-30 18:04:14,-31.95,141.43,46.4,81,0,11.41,clear sky
85,Rafaela,AR,2020-08-30 18:04:14,-31.25,-61.49,61.0,29,6,5.99,clear sky
86,Barkly West,ZA,2020-08-30 18:00:27,-28.54,24.52,46.4,24,0,3.36,clear sky
87,Egvekinot,RU,2020-08-30 18:04:15,66.32,-179.17,39.33,78,70,18.41,broken clouds
88,Bighapur,IN,2020-08-30 18:04:15,26.35,80.68,82.4,88,75,7.29,mist
89,Hobart,AU,2020-08-30 18:01:14,-42.88,147.33,44.01,75,40,14.99,light intensity shower rain
90,Monmouth,US,2020-08-30 18:02:43,40.3,-74.17,78.01,50,75,17.22,broken clouds
91,Afonso Bezerra,BR,2020-08-30 18:04:15,-5.5,-36.51,93.94,26,37,21.16,scattered clouds
92,Fairbanks,US,2020-08-30 17:59:32,64.84,-147.72,55.0,76,1,5.82,clear sky
93,Bandarbeyla,SO,2020-08-30 18:04:16,9.49,50.81,77.13,79,94,30.89,overcast clouds
94,Sohag,EG,2020-08-30 18:04:16,26.56,31.69,96.8,22,0,9.17,clear sky
95,Bredasdorp,ZA,2020-08-30 18:01:45,-34.53,20.04,46.4,75,46,3.36,scattered clouds
96,Berlevag,NO,2020-08-30 18:04:16,70.86,29.09,46.4,87,75,6.93,shower rain
97,Kathmandu,NP,2020-08-30 18:00:20,27.72,85.32,73.4,88,75,2.24,broken clouds
98,Nome,US,2020-08-30 18:02:11,64.5,-165.41,52.0,76,20,10.29,few clouds
99,Guerrero Negro,MX,2020-08-30 18:04:17,27.98,-114.06,79.43,61,1,7.78,clear sky
100,Torbay,CA,2020-08-30 18:04:17,47.67,-52.73,69.01,100,90,23.04,moderate rain
101,Laguna,US,2020-08-30 18:04:17,38.42,-121.42,75.0,68,1,5.06,haze
102,Ouargaye,BF,2020-08-30 18:04:18,11.5,0.06,79.63,79,81,6.49,broken clouds
103,Mar Del Plata,AR,2020-08-30 18:04:12,-38.0,-57.56,59.0,26,0,23.04,clear sky
104,Vila Franca Do Campo,PT,2020-08-30 18:01:47,37.72,-25.43,77.0,83,40,8.05,scattered clouds
105,Geraldton,AU,2020-08-30 18:04:18,-28.77,114.6,42.8,87,0,3.67,clear sky
106,Tikamgarh,IN,2020-08-30 18:02:22,24.75,78.83,75.58,89,8,7.47,clear sky
107,Pangnirtung,CA,2020-08-30 18:04:19,66.15,-65.71,46.4,87,20,11.41,few clouds
108,Alofi,NU,2020-08-30 18:01:07,-19.06,-169.92,66.2,100,36,3.36,scattered clouds
109,New Norfolk,AU,2020-08-30 18:04:19,-42.78,147.06,44.01,74,91,3.0,moderate rain
110,Qasigiannguit,GL,2020-08-30 18:04:19,68.82,-51.19,46.4,61,5,6.93,clear sky
111,Eyl,SO,2020-08-30 18:04:20,7.98,49.82,78.39,74,95,24.11,overcast clouds
112,Kodiak,US,2020-08-30 18:02:00,57.79,-152.41,53.6,81,90,3.36,overcast clouds
113,Mount Isa,AU,2020-08-30 18:00:15,-20.73,139.5,71.6,35,0,6.93,clear sky
114,Shingu,JP,2020-08-30 18:04:21,33.73,135.98,76.32,83,12,3.6,few clouds
115,Poya,NC,2020-08-30 18:04:21,-21.35,165.15,60.33,78,40,3.24,scattered clouds
116,Kieta,PG,2020-08-30 18:04:21,-6.22,155.63,79.9,75,63,5.26,broken clouds
117,Barrow,US,2020-08-30 18:04:21,71.29,-156.79,39.2,86,90,10.29,overcast clouds
118,Tarko-Sale,RU,2020-08-30 18:04:21,64.92,77.78,46.99,83,25,7.74,moderate rain
119,Fukue,JP,2020-08-30 18:04:22,32.69,128.84,84.11,81,1,18.77,clear sky
120,Launceston,AU,2020-08-30 18:04:22,-41.45,147.17,46.0,65,90,5.82,overcast clouds
121,Chokurdakh,RU,2020-08-30 18:04:22,70.63,147.92,41.38,81,100,7.14,overcast clouds
122,Young,UY,2020-08-30 18:04:23,-32.68,-57.63,57.99,38,56,1.99,broken clouds
123,Katsuura,JP,2020-08-30 18:04:23,35.13,140.3,80.6,94,75,6.93,broken clouds
124,Birjand,IR,2020-08-30 18:04:23,32.87,59.22,71.6,18,0,11.41,clear sky
125,Coquimbo,CL,2020-08-30 18:04:23,-29.95,-71.34,59.0,67,0,12.75,clear sky
126,Ilulissat,GL,2020-08-30 18:01:44,69.22,-51.1,46.4,61,5,6.93,clear sky
127,Patacamaya,BO,2020-08-30 18:04:24,-17.23,-67.92,57.58,33,5,13.4,clear sky
128,Havre-Saint-Pierre,CA,2020-08-30 18:04:24,50.23,-63.6,53.6,76,90,8.05,light rain
129,Hasaki,JP,2020-08-30 18:04:24,35.73,140.83,77.0,100,40,1.12,scattered clouds
130,Mason City,US,2020-08-30 18:03:06,43.15,-93.2,75.0,49,1,16.11,clear sky
131,Husavik,IS,2020-08-30 18:04:25,66.04,-17.34,62.6,55,75,24.16,broken clouds
132,Namatanai,PG,2020-08-30 18:02:17,-3.67,152.43,79.02,85,57,7.2,light rain
133,Creel,MX,2020-08-30 17:59:53,27.75,-107.63,67.89,64,93,2.44,overcast clouds
134,Karratha,AU,2020-08-30 18:04:26,-20.74,116.85,74.5,41,0,6.71,clear sky
135,San Juan Pueblo,HN,2020-08-30 18:04:26,15.58,-87.23,89.6,55,20,6.93,few clouds
136,Ratne,UA,2020-08-30 18:04:26,51.67,24.53,74.84,69,0,10.09,clear sky
137,Becej,RS,2020-08-30 18:04:27,45.62,20.03,86.32,31,7,10.63,clear sky
138,Isla Mujeres,MX,2020-08-30 18:04:27,21.23,-86.73,88.0,70,40,12.75,scattered clouds
139,Kindu,CD,2020-08-30 18:04:27,-2.95,25.95,73.67,91,80,1.72,broken clouds
140,Thompson,CA,2020-08-30 18:04:27,55.74,-97.86,53.6,100,90,4.7,light rain
141,Ponta Delgada,PT,2020-08-30 18:04:27,37.73,-25.67,77.0,83,40,8.05,scattered clouds
142,Harfleur,FR,2020-08-30 18:04:28,49.51,0.2,60.8,72,90,13.87,overcast clouds
143,Kupang,ID,2020-08-30 18:02:13,-10.17,123.58,75.42,84,39,11.97,scattered clouds
144,College,US,2020-08-30 18:04:28,64.86,-147.8,54.0,76,75,3.13,broken clouds
145,Kontagora,NG,2020-08-30 18:04:28,10.4,5.47,74.3,89,100,3.69,light rain
146,Chumikan,RU,2020-08-30 18:04:29,54.72,135.31,49.37,73,65,4.34,broken clouds
147,Sitka,US,2020-08-30 18:02:19,57.05,-135.33,53.6,81,90,13.87,moderate rain
148,Longyearbyen,SJ,2020-08-30 18:01:20,78.22,15.64,41.0,75,75,21.92,light rain
149,Brae,GB,2020-08-30 18:04:13,60.4,-1.35,53.6,71,40,8.05,scattered clouds
150,Maningrida,AU,2020-08-30 18:04:29,-12.07,134.27,73.9,73,58,10.25,light rain
151,Yining,CN,2020-08-30 18:04:29,29.04,114.56,73.94,84,0,0.16,clear sky
152,Dikson,RU,2020-08-30 18:02:16,73.51,80.55,41.38,96,100,16.6,light rain
153,Banda Aceh,ID,2020-08-30 18:04:30,5.56,95.32,80.11,79,99,9.66,light rain
154,Rypefjord,NO,2020-08-30 18:04:31,70.63,23.67,46.4,70,40,19.46,scattered clouds
155,Hamilton,US,2020-08-30 17:59:38,39.18,-84.53,80.01,44,1,6.93,clear sky
156,Solnechnyy,RU,2020-08-30 18:04:31,50.72,136.63,48.2,84,0,4.03,clear sky
157,Ust-Ilimsk,RU,2020-08-30 18:04:31,58.0,102.66,50.95,84,14,1.97,few clouds
158,Ancud,CL,2020-08-30 18:04:31,-41.87,-73.82,39.99,95,67,5.01,broken clouds
159,Key West,US,2020-08-30 18:04:31,24.56,-81.78,91.4,62,20,8.05,few clouds
160,Pochutla,MX,2020-08-30 18:04:32,15.74,-96.47,91.0,62,20,5.53,few clouds
161,Kachiry,KZ,2020-08-30 18:04:33,53.07,76.1,65.57,53,0,4.97,clear sky
162,Guantanamo,CU,2020-08-30 18:04:33,20.14,-75.21,89.01,66,20,10.29,few clouds
163,Turtas,RU,2020-08-30 18:04:33,58.94,69.13,65.16,82,30,7.4,scattered clouds
164,Bozhou,CN,2020-08-30 18:04:34,33.88,115.77,74.12,89,2,1.72,clear sky
165,Khasan,RU,2020-08-30 18:04:34,42.43,130.64,64.45,87,100,11.81,overcast clouds
166,Tariba,VE,2020-08-30 18:04:34,7.82,-72.22,86.0,58,40,9.17,scattered clouds
167,Sao Joao Da Barra,BR,2020-08-30 18:01:31,-21.64,-41.05,84.2,54,20,18.34,few clouds
168,Tromso,NO,2020-08-30 18:00:35,69.65,18.96,46.4,75,90,10.29,overcast clouds
169,Saint-Leu,RE,2020-08-30 18:04:35,-21.15,55.28,68.0,77,8,8.05,clear sky
170,Olafsvik,IS,2020-08-30 18:04:35,64.89,-23.71,52.68,92,100,26.15,moderate rain
171,Tuatapere,NZ,2020-08-30 18:04:35,-46.13,167.68,45.0,72,57,11.01,broken clouds
172,Phetchabun,TH,2020-08-30 18:04:35,16.25,101.08,77.61,82,98,2.48,overcast clouds
173,Hermanus,ZA,2020-08-30 18:04:36,-34.42,19.23,48.0,76,18,11.41,few clouds
174,Palmer,US,2020-08-30 18:02:00,42.16,-72.33,73.99,43,40,16.11,scattered clouds
175,Poum,NC,2020-08-30 18:04:36,-20.23,164.02,68.81,70,49,12.21,scattered clouds
176,Vestmanna,FO,2020-08-30 18:04:36,62.16,-7.17,51.8,93,98,9.17,overcast clouds
177,Seoul,KR,2020-08-30 18:03:09,37.57,126.98,77.0,88,1,4.7,clear sky
178,Kedrovyy,RU,2020-08-30 18:04:37,56.17,91.82,55.4,93,40,3.8,scattered clouds
179,Dongsheng,CN,2020-08-30 18:04:37,39.82,109.98,53.46,89,75,9.53,broken clouds
180,Narsaq,GL,2020-08-30 18:04:38,60.92,-46.05,57.2,50,99,2.24,overcast clouds
181,Svetlogorsk,BY,2020-08-30 18:04:38,52.63,29.73,72.39,67,0,10.11,clear sky
182,Pisco,PE,2020-08-30 18:04:38,-13.7,-76.22,64.99,77,100,5.82,overcast clouds
183,Floro,NO,2020-08-30 18:04:39,61.6,5.03,55.4,58,0,19.46,clear sky
184,Fasa,IR,2020-08-30 18:04:39,28.94,53.65,84.2,13,0,6.93,clear sky
185,Severnoye,RU,2020-08-30 18:04:40,56.35,78.36,57.09,89,16,3.53,few clouds
186,Westerland,DE,2020-08-30 18:04:40,54.91,8.3,60.8,67,0,20.8,clear sky
187,Kayes,ML,2020-08-30 18:04:40,14.0,-11.0,82.08,85,100,4.38,moderate rain
188,Labrea,BR,2020-08-30 18:04:40,-7.26,-64.8,96.31,35,53,1.28,broken clouds
189,Yengema,SL,2020-08-30 18:04:40,8.72,-11.17,72.21,98,100,3.65,moderate rain
190,Olavarria,AR,2020-08-30 18:04:41,-36.89,-60.32,57.0,29,0,5.99,clear sky
191,Sydney,AU,2020-08-30 18:03:23,-33.87,151.21,62.6,55,8,8.05,clear sky
192,Atyrau,KZ,2020-08-30 18:04:41,47.12,51.88,78.8,34,0,15.66,clear sky
193,Chunskiy,RU,2020-08-30 18:04:42,56.08,99.63,52.38,88,30,1.88,scattered clouds
194,Pouembout,NC,2020-08-30 18:04:42,-21.13,164.9,61.09,76,23,3.53,few clouds
195,Moose Jaw,CA,2020-08-30 18:00:23,50.4,-105.53,64.4,39,20,14.99,few clouds
196,Cape Town,ZA,2020-08-30 18:04:43,-33.93,18.42,51.8,57,20,4.7,few clouds
197,Ribeira Grande,PT,2020-08-30 18:04:43,38.52,-28.7,78.8,88,40,12.75,scattered clouds
198,Yantal,RU,2020-08-30 18:04:43,56.85,105.25,56.17,80,100,1.79,overcast clouds
199,Darhan,MN,2020-08-30 18:04:43,49.49,105.92,54.77,84,98,3.62,overcast clouds
200,Margahovit,AM,2020-08-30 18:04:44,40.73,44.68,80.6,36,26,10.29,scattered clouds
201,Walvis Bay,NA,2020-08-30 18:04:44,-22.96,14.51,66.2,34,0,16.11,clear sky
202,Lasa,IT,2020-08-30 18:04:44,46.62,10.7,55.99,87,40,2.24,scattered clouds
203,Jinchang,CN,2020-08-30 18:04:45,38.5,102.17,63.27,52,5,5.95,clear sky
204,Amahai,ID,2020-08-30 18:04:45,-3.33,128.92,76.71,89,95,3.85,light rain
205,Saint George,US,2020-08-30 18:01:12,37.1,-113.58,91.99,26,1,6.17,clear sky
206,Xinan,CN,2020-08-30 18:04:45,26.72,119.86,78.22,86,0,5.82,clear sky
207,Codrington,AU,2020-08-30 18:04:46,-38.27,141.97,45.55,73,58,10.09,broken clouds
208,Kapit,MY,2020-08-30 18:04:46,2.02,112.93,74.97,95,99,0.74,heavy intensity rain
209,Yerbogachen,RU,2020-08-30 18:04:46,61.28,108.01,50.99,81,69,3.71,broken clouds
210,Bjerkvik,NO,2020-08-30 18:04:46,68.56,17.52,46.4,75,40,10.29,scattered clouds
211,Tortoli,IT,2020-08-30 18:04:46,39.93,9.66,78.8,83,75,20.8,broken clouds
212,Cayenne,GF,2020-08-30 18:02:09,4.93,-52.33,89.6,62,43,13.87,scattered clouds
213,Valle Hermoso,MX,2020-08-30 18:04:47,25.67,-97.83,93.2,66,75,17.22,broken clouds
214,Lac-Au-Saumon,CA,2020-08-30 18:04:47,48.42,-67.35,48.2,93,90,24.16,mist
215,Kastamonu,TR,2020-08-30 18:04:48,41.5,33.67,68.81,34,0,2.55,clear sky
216,Hualmay,PE,2020-08-30 18:04:48,-11.1,-77.61,66.51,66,93,9.98,overcast clouds
217,Rawson,AR,2020-08-30 18:04:49,-43.3,-65.1,52.52,50,9,21.12,clear sky
218,Goderich,CA,2020-08-30 18:01:02,43.75,-81.72,73.0,59,44,8.3,scattered clouds
219,Burlington,US,2020-08-30 18:01:20,39.88,-74.64,79.0,41,20,13.87,few clouds
220,Ust-Maya,RU,2020-08-30 18:04:49,60.42,134.53,53.11,72,100,4.99,overcast clouds
221,Kondinskoye,RU,2020-08-30 18:04:50,59.65,67.41,66.06,83,49,11.05,scattered clouds
222,Hambantota,LK,2020-08-30 18:03:38,6.12,81.12,81.07,79,99,16.37,overcast clouds
223,Tacuarembo,UY,2020-08-30 18:04:51,-31.73,-55.98,54.34,58,70,8.48,broken clouds
224,Ossora,RU,2020-08-30 18:04:51,59.24,163.07,46.11,76,99,9.46,overcast clouds
225,Mount Gambier,AU,2020-08-30 18:04:52,-37.83,140.77,41.0,86,40,5.82,light rain
226,Kirakira,SB,2020-08-30 18:01:42,-10.45,161.92,79.83,83,100,13.22,overcast clouds
227,Vestmannaeyjar,IS,2020-08-30 18:04:52,63.44,-20.27,51.8,100,90,26.4,drizzle rain
228,Srednekolymsk,RU,2020-08-30 18:04:52,67.45,153.68,37.2,88,13,6.08,few clouds
229,Poquoson,US,2020-08-30 18:04:52,37.12,-76.35,86.0,51,1,8.05,clear sky
230,Sao Benedito Do Rio Preto,BR,2020-08-30 18:04:53,-3.33,-43.53,99.48,24,15,5.99,few clouds
231,Vostok,RU,2020-08-30 18:04:53,46.49,135.88,47.66,80,85,4.38,overcast clouds
232,Vanimo,PG,2020-08-30 18:04:53,-2.67,141.3,78.55,81,97,3.29,light rain
233,Harboore,DK,2020-08-30 18:04:53,56.62,8.18,57.99,78,1,15.84,clear sky
234,Zhanaozen,KZ,2020-08-30 18:04:53,43.3,52.8,74.62,36,30,9.17,scattered clouds
235,Murud,IN,2020-08-30 18:04:54,18.33,72.97,78.93,89,100,6.22,light rain
236,Luderitz,NA,2020-08-30 18:04:54,-26.65,15.16,57.4,39,92,30.51,overcast clouds
237,Santo Amaro Da Imperatriz,BR,2020-08-30 18:00:05,-27.69,-48.78,80.01,64,20,25.28,few clouds
238,Kamaishi,JP,2020-08-30 18:04:54,39.27,141.88,70.21,89,100,8.95,moderate rain
239,Lebu,CL,2020-08-30 18:04:55,-37.62,-73.65,50.29,65,0,22.84,clear sky
240,Bridlington,GB,2020-08-30 18:04:55,54.08,-0.19,55.4,71,75,10.29,broken clouds
241,Sola,VU,2020-08-30 18:04:56,-13.88,167.55,79.83,81,92,20.98,overcast clouds
242,Sechura,PE,2020-08-30 18:04:56,-5.56,-80.82,73.62,56,75,13.76,broken clouds
243,Tazovskiy,RU,2020-08-30 18:04:57,67.47,78.7,43.41,89,76,7.25,broken clouds
244,Beringovskiy,RU,2020-08-30 18:04:57,63.05,179.32,46.53,82,100,29.93,light rain
245,Pervomayskiy,RU,2020-08-30 18:04:57,53.25,40.29,68.38,61,4,9.95,clear sky
246,Klaksvik,FO,2020-08-30 18:04:57,62.23,-6.59,51.8,93,95,9.17,overcast clouds
247,Tiksi,RU,2020-08-30 18:04:58,71.69,128.87,41.67,89,1,7.81,clear sky
248,Los Llanos De Aridane,ES,2020-08-30 18:04:58,28.66,-17.92,77.0,57,75,18.34,broken clouds
249,Denpasar,ID,2020-08-30 18:04:58,-8.65,115.22,78.8,88,20,14.99,few clouds
250,Esperance,AU,2020-08-30 18:02:23,-33.87,121.9,44.6,87,66,12.75,broken clouds
251,Avarua,CK,2020-08-30 18:01:49,-21.21,-159.78,73.4,73,21,8.05,few clouds
252,Port Lincoln,AU,2020-08-30 18:04:59,-34.73,135.87,51.84,63,42,6.31,scattered clouds
253,Vardo,NO,2020-08-30 18:04:50,70.37,31.11,48.2,87,75,23.04,light intensity shower rain
254,Naze,JP,2020-08-30 18:02:50,28.37,129.48,82.4,88,20,6.93,few clouds
255,Haines Junction,CA,2020-08-30 18:04:59,60.75,-137.51,46.8,75,100,4.14,light rain
256,Madang,PG,2020-08-30 18:05:00,-5.22,145.8,75.54,82,58,6.31,broken clouds
257,Zhanakorgan,KZ,2020-08-30 18:05:00,43.91,67.25,81.52,18,0,20.18,clear sky
258,Barcelos,PT,2020-08-30 18:05:00,41.54,-8.62,73.99,60,0,11.41,clear sky
259,Camacha,PT,2020-08-30 18:05:01,33.08,-16.33,73.4,60,20,14.99,few clouds
260,Chaohu,CN,2020-08-30 18:05:01,31.6,117.87,82.0,100,0,2.24,mist
261,Kavaratti,IN,2020-08-30 18:03:29,10.57,72.64,82.38,78,63,11.63,broken clouds
262,Pizarro,CO,2020-08-30 18:05:01,4.95,-77.37,82.9,67,71,5.84,broken clouds
263,Clyde River,CA,2020-08-30 18:05:02,70.47,-68.59,50.0,81,20,13.87,few clouds
264,Dinhata,IN,2020-08-30 18:05:02,26.13,89.47,84.4,75,97,2.13,overcast clouds
265,Bambanglipuro,ID,2020-08-30 18:01:36,-7.95,110.28,72.99,85,93,7.07,overcast clouds
266,Boda,CF,2020-08-30 18:05:02,4.32,17.47,71.83,89,88,0.6,overcast clouds
267,Kruisfontein,ZA,2020-08-30 18:05:03,-34.0,24.73,48.0,79,92,8.41,light rain
268,Kahului,US,2020-08-30 18:04:46,20.89,-156.47,78.8,65,40,17.22,scattered clouds
269,Yamada,JP,2020-08-30 18:05:03,39.47,141.95,69.37,91,100,7.63,moderate rain
270,Teluknaga,ID,2020-08-30 18:05:03,-6.1,106.64,81.0,74,40,4.7,scattered clouds
271,Kotovo,RU,2020-08-30 18:05:04,50.32,44.8,66.78,45,0,4.03,clear sky
272,Najran,SA,2020-08-30 18:03:13,17.49,44.13,89.6,15,20,6.93,few clouds
273,San Quintin,MX,2020-08-30 18:04:54,30.48,-115.95,71.87,68,71,10.63,broken clouds
274,Acajutla,SV,2020-08-30 18:02:55,13.59,-89.83,82.99,65,1,5.82,clear sky
275,Coahuayana,MX,2020-08-30 18:05:04,18.73,-103.68,75.2,83,90,1.72,mist
276,Dum Duma,IN,2020-08-30 18:05:05,27.57,95.57,75.81,94,100,1.66,light rain
277,Makakilo City,US,2020-08-30 18:01:36,21.35,-158.09,78.8,65,20,4.7,few clouds
278,Mawlaik,MM,2020-08-30 18:05:05,23.63,94.42,78.3,92,100,0.49,overcast clouds
279,Peleduy,RU,2020-08-30 18:05:05,59.63,112.74,51.42,87,65,0.54,broken clouds
280,Mae Hong Son,TH,2020-08-30 18:05:05,19.3,97.97,74.98,86,100,1.25,overcast clouds
281,Dunedin,NZ,2020-08-30 18:02:49,-45.87,170.5,47.03,73,100,7.43,overcast clouds
282,Isla Vista,US,2020-08-30 18:04:44,34.41,-119.86,69.01,77,90,4.7,overcast clouds
283,Lexington,US,2020-08-30 18:05:06,37.99,-84.48,80.01,47,1,9.17,clear sky
284,Hofn,IS,2020-08-30 18:05:06,64.25,-15.21,53.6,93,90,12.75,mist
285,Airai,TL,2020-08-30 18:05:07,-8.93,125.41,56.52,100,22,3.85,few clouds
286,Tezu,IN,2020-08-30 18:05:07,27.92,96.17,78.03,76,99,1.66,light rain
287,Iracoubo,GF,2020-08-30 18:05:07,5.48,-53.2,85.68,69,43,14.67,light rain
288,North Bend,US,2020-08-30 18:05:07,43.41,-124.22,72.0,55,1,11.41,clear sky
289,Meulaboh,ID,2020-08-30 18:05:07,4.14,96.13,77.54,87,98,2.64,moderate rain
290,Tashla,RU,2020-08-30 18:05:08,51.77,52.74,65.37,67,47,8.46,scattered clouds
291,Bela,IN,2020-08-30 18:05:08,25.93,81.98,82.18,76,20,4.45,few clouds
292,Eureka,US,2020-08-30 18:02:01,40.8,-124.16,64.0,71,40,6.93,scattered clouds
293,Shumyachi,RU,2020-08-30 18:05:08,53.86,32.42,69.01,75,0,11.05,clear sky
294,Honiara,SB,2020-08-30 18:03:32,-9.43,159.95,75.2,100,20,2.24,few clouds
295,Xining,CN,2020-08-30 18:05:09,36.62,101.77,48.61,81,14,1.03,few clouds
296,Maniitsoq,GL,2020-08-30 18:05:09,65.42,-52.9,49.5,77,80,5.59,broken clouds
297,Masty,BY,2020-08-30 18:05:09,53.41,24.54,62.33,96,38,9.55,light rain
298,Lompoc,US,2020-08-30 18:00:48,34.64,-120.46,60.8,87,90,3.36,overcast clouds
299,Port Blair,IN,2020-08-30 18:00:11,11.67,92.75,82.13,80,82,8.43,moderate rain
300,San Patricio,MX,2020-08-30 18:05:10,19.22,-104.7,79.09,88,99,1.99,light rain
301,Bontang,ID,2020-08-30 18:05:10,0.13,117.5,77.81,87,44,5.03,light rain
302,Kalmunai,LK,2020-08-30 18:02:05,7.42,81.82,81.7,79,98,5.06,overcast clouds
303,Gat,IL,2020-08-30 18:05:10,31.61,34.76,84.99,76,0,3.85,clear sky
304,Hammerfest,NO,2020-08-30 18:05:11,70.66,23.68,46.4,70,40,19.46,scattered clouds
305,Mayumba,GA,2020-08-30 18:04:10,-3.43,10.66,73.98,86,52,8.39,broken clouds
306,Nanortalik,GL,2020-08-30 18:05:11,60.14,-45.24,48.4,74,100,10.47,overcast clouds
307,Khuzhir,RU,2020-08-30 18:05:11,53.19,107.34,54.73,91,100,3.51,overcast clouds
308,Lorengau,PG,2020-08-30 18:03:27,-2.02,147.27,81.25,80,92,9.4,light rain
309,Carnarvon,AU,2020-08-30 18:05:12,-24.87,113.63,62.6,88,0,9.17,clear sky
310,Slave Lake,CA,2020-08-30 18:05:12,55.28,-114.77,50.0,66,40,29.97,scattered clouds
311,Long,TH,2020-08-30 18:05:12,18.08,99.83,77.0,87,100,0.6,overcast clouds
312,Tigil,RU,2020-08-30 18:04:26,57.8,158.67,42.87,88,68,5.21,broken clouds
313,Zhuanghe,CN,2020-08-30 18:05:12,39.7,122.99,73.0,88,1,3.91,clear sky
314,Sarh,TD,2020-08-30 18:01:48,9.14,18.39,82.4,69,20,2.53,few clouds
315,Sapa,PH,2020-08-30 18:05:13,5.15,120.32,82.09,74,58,3.56,broken clouds
316,Puerto Suarez,BO,2020-08-30 18:05:13,-18.95,-57.8,102.2,33,11,5.03,smoke
317,Teya,RU,2020-08-30 18:05:13,60.38,92.63,49.39,88,30,1.45,scattered clouds
318,Vao,NC,2020-08-30 18:05:13,-22.67,167.48,66.67,65,79,13.62,broken clouds
319,Isabela,PH,2020-08-30 18:05:13,6.71,121.97,78.82,81,72,1.68,broken clouds
320,Bayir,TR,2020-08-30 18:05:14,37.27,28.22,78.8,65,0,3.56,clear sky
321,Cherskiy,RU,2020-08-30 18:05:14,68.75,161.3,38.35,89,100,10.96,overcast clouds
322,Rocha,UY,2020-08-30 18:05:14,-34.48,-54.33,53.31,51,24,7.7,few clouds
323,Tevaitoa,PF,2020-08-30 18:05:14,-16.78,-151.5,77.54,74,7,24.11,clear sky
324,Roseburg,US,2020-08-30 18:05:15,43.22,-123.34,66.0,45,1,11.41,clear sky
325,Kudahuvadhoo,MV,2020-08-30 18:01:39,2.67,72.89,84.31,65,61,4.68,broken clouds
326,Tevriz,RU,2020-08-30 18:02:41,57.51,72.4,64.63,94,8,3.2,clear sky
327,Ketchikan,US,2020-08-30 18:05:03,55.34,-131.65,53.6,100,90,13.87,moderate rain
328,Bell Ville,AR,2020-08-30 18:05:15,-32.63,-62.69,64.0,18,0,4.5,clear sky
329,Vijapur,IN,2020-08-30 18:05:16,23.57,72.75,78.8,94,75,8.05,mist
330,Ugoofaaru,MV,2020-08-30 18:05:16,5.67,73.0,83.43,70,2,6.04,clear sky
331,Bremervorde,DE,2020-08-30 18:05:17,53.48,9.13,66.99,71,5,8.86,clear sky
332,Broome,US,2020-08-30 18:05:17,42.25,-75.83,71.01,60,49,3.0,scattered clouds
333,Muros,ES,2020-08-30 18:05:17,42.78,-9.06,68.0,58,0,11.99,clear sky
334,Pucallpa,PE,2020-08-30 18:05:17,-8.38,-74.55,93.2,52,75,5.82,broken clouds
335,Skjervoy,NO,2020-08-30 18:05:18,70.03,20.97,46.4,75,20,11.41,few clouds
336,Mnogovershinnyy,RU,2020-08-30 18:05:18,53.94,139.92,41.92,85,47,4.7,scattered clouds
337,Ixtapa,MX,2020-08-30 18:05:19,20.7,-105.2,84.0,74,90,4.63,overcast clouds
338,Saldanha,ZA,2020-08-30 18:05:19,-33.01,17.94,50.0,66,0,4.7,clear sky
339,Alice Springs,AU,2020-08-30 18:01:09,-23.7,133.88,53.6,32,0,1.12,clear sky
340,Lata,PT,2020-08-30 18:05:19,40.16,-8.33,73.99,55,0,5.01,clear sky
341,Paceco,IT,2020-08-30 18:05:20,37.98,12.56,87.8,74,20,14.99,few clouds
342,Fortuna,US,2020-08-30 18:03:05,40.6,-124.16,66.0,67,1,4.7,clear sky
343,Cedar City,US,2020-08-30 18:04:23,37.68,-113.06,80.6,13,1,14.99,clear sky
344,Christchurch,NZ,2020-08-30 18:05:20,-43.53,172.63,50.0,80,1,1.12,clear sky
345,Kristiinankaupunki,FI,2020-08-30 18:05:20,62.27,21.38,58.01,72,83,11.5,light rain
346,Dharchula,IN,2020-08-30 18:05:21,29.85,80.53,69.64,78,84,0.47,light rain
347,Tura,IN,2020-08-30 18:05:21,25.52,90.22,76.17,90,100,3.58,overcast clouds
348,Cabo San Lucas,MX,2020-08-30 18:05:21,22.89,-109.91,88.0,83,40,10.29,scattered clouds
349,Thunder Bay,CA,2020-08-30 18:01:15,48.4,-89.32,59.0,77,75,10.29,broken clouds
350,Grand-Lahou,CI,2020-08-30 18:05:22,5.14,-5.02,75.6,83,56,10.49,broken clouds
351,Mugur-Aksy,RU,2020-08-30 18:05:22,50.35,90.5,41.68,68,88,2.46,overcast clouds
352,Outlook,CA,2020-08-30 18:05:23,51.5,-107.05,56.84,44,36,19.1,scattered clouds
353,Shache,CN,2020-08-30 18:05:23,38.42,77.24,69.49,31,45,8.21,scattered clouds
354,Severo-Kurilsk,RU,2020-08-30 18:05:23,50.68,156.12,49.35,89,29,15.28,scattered clouds
355,Loandjili,CG,2020-08-30 18:05:23,-4.76,11.86,75.2,78,40,9.17,scattered clouds
356,Moundou,TD,2020-08-30 18:05:23,8.57,16.08,72.99,95,98,2.17,overcast clouds
357,Krasnovishersk,RU,2020-08-30 18:05:24,60.41,57.08,57.27,96,90,7.23,overcast clouds
358,Abha,SA,2020-08-30 18:05:24,18.22,42.51,80.6,16,87,12.75,overcast clouds
359,Ahipara,NZ,2020-08-30 18:05:24,-35.17,173.17,53.19,87,36,5.59,scattered clouds
360,Kavieng,PG,2020-08-30 18:05:25,-2.57,150.8,82.22,75,90,7.18,light rain
361,Nacala,MZ,2020-08-30 18:05:25,-14.54,40.67,73.33,74,0,7.52,clear sky
362,Kamenka,RU,2020-08-30 18:05:25,51.32,42.77,66.7,53,0,6.53,clear sky
363,Iwanai,JP,2020-08-30 18:05:25,42.97,140.51,59.65,89,100,3.74,overcast clouds
364,La Rioja,ES,2020-08-30 18:05:25,42.25,-2.5,64.4,52,75,9.17,broken clouds
365,Bayog,PH,2020-08-30 18:05:26,7.87,123.07,75.06,87,100,0.13,overcast clouds
366,Agutaya,PH,2020-08-30 18:05:26,11.15,120.94,83.57,78,100,9.48,light rain
367,Honolulu,US,2020-08-30 18:02:17,21.31,-157.86,78.8,61,20,16.11,few clouds
368,Bara,NG,2020-08-30 18:05:26,10.37,10.73,77.95,76,76,4.94,broken clouds
369,Boende,CD,2020-08-30 18:05:26,-0.22,20.87,74.07,93,84,2.37,light rain
370,Hervey Bay,AU,2020-08-30 18:05:27,-25.3,152.85,62.01,77,90,5.82,overcast clouds
371,Mhlambanyatsi,SZ,2020-08-30 18:05:27,-26.45,31.02,47.7,98,100,4.92,overcast clouds
372,Agropoli,IT,2020-08-30 18:05:28,40.35,15.0,86.0,58,0,5.82,clear sky
373,Khandbari,NP,2020-08-30 18:05:28,27.37,87.2,73.8,74,67,0.94,broken clouds
374,Padang,ID,2020-08-30 18:05:28,-0.95,100.35,77.88,81,99,5.26,moderate rain
375,Sovetskiy,RU,2020-08-30 18:01:50,61.36,63.58,59.22,97,89,6.33,light rain
376,Panaba,MX,2020-08-30 18:05:29,21.28,-88.27,96.66,43,76,9.37,broken clouds
377,Montepuez,MZ,2020-08-30 18:05:29,-13.13,39.0,72.19,60,0,10.96,clear sky
378,Doha,QA,2020-08-30 18:02:05,25.29,51.53,95.0,59,0,4.7,clear sky
379,Santa Cruz Del Sur,CU,2020-08-30 18:05:30,20.71,-78.0,89.11,58,10,4.45,clear sky
380,Karlskrona,SE,2020-08-30 18:03:57,56.16,15.59,62.6,88,12,3.36,few clouds
381,Guaratuba,BR,2020-08-30 18:00:49,-25.88,-48.57,73.4,78,20,18.34,few clouds
382,Kamiichi,JP,2020-08-30 18:05:31,36.7,137.37,78.01,85,65,2.71,broken clouds
383,Auki,SB,2020-08-30 18:05:32,-8.77,160.7,77.92,87,48,4.21,scattered clouds
384,Doliana,GR,2020-08-30 18:05:32,39.9,20.58,80.6,51,0,4.7,clear sky
385,Strezhevoy,RU,2020-08-30 18:05:32,60.73,77.59,60.8,93,100,6.71,overcast clouds
386,Necochea,AR,2020-08-30 18:04:07,-38.55,-58.74,55.0,51,0,10.0,clear sky
387,Uinskoye,RU,2020-08-30 18:05:33,56.88,56.58,58.23,91,96,6.67,overcast clouds
388,Taitung,TW,2020-08-30 18:05:33,22.76,121.14,80.35,78,15,7.49,few clouds
389,Chifeng,CN,2020-08-30 18:05:33,42.27,118.96,67.48,91,21,0.47,light rain
390,Henties Bay,NA,2020-08-30 18:05:33,-22.12,14.28,55.99,77,0,12.41,clear sky
391,Maragogi,BR,2020-08-30 18:01:15,-9.01,-35.22,78.87,73,4,10.87,clear sky
392,Ardesen,TR,2020-08-30 18:05:34,41.19,40.99,69.8,94,0,6.93,clear sky
393,Shimoda,JP,2020-08-30 18:05:34,34.67,138.95,72.0,93,19,3.04,few clouds
394,Shibetsu,JP,2020-08-30 18:05:34,43.66,145.13,54.48,78,98,9.42,overcast clouds
395,Ndele,CF,2020-08-30 18:05:34,8.41,20.65,71.69,96,94,1.7,overcast clouds
396,Narathiwat,TH,2020-08-30 18:05:34,6.33,101.75,78.8,88,20,3.36,thunderstorm
397,Antofagasta,CL,2020-08-30 18:00:37,-23.65,-70.4,59.0,67,90,12.75,overcast clouds
398,Hoyanger,NO,2020-08-30 18:05:35,61.22,6.07,55.4,50,20,8.05,few clouds
399,Lagoa,PT,2020-08-30 18:05:35,39.05,-27.98,75.11,93,26,11.97,scattered clouds
400,Vanavara,RU,2020-08-30 18:05:35,60.34,102.28,49.01,90,23,2.82,few clouds
401,Severobaykalsk,RU,2020-08-30 18:05:35,55.65,109.32,52.99,84,100,1.19,overcast clouds
402,Kalmar,SE,2020-08-30 18:05:36,56.66,16.36,62.01,82,15,4.7,few clouds
403,Itaituba,BR,2020-08-30 18:05:36,-4.28,-55.98,96.8,41,20,10.29,few clouds
404,Pevek,RU,2020-08-30 18:05:36,69.7,170.31,36.28,86,66,3.31,broken clouds
405,Manggar,ID,2020-08-30 18:05:37,-2.88,108.27,80.53,81,29,13.56,scattered clouds
406,Saint Stephen,GB,2020-08-30 18:05:37,50.33,-4.9,60.8,54,56,5.82,broken clouds
407,Vanino,RU,2020-08-30 18:05:37,49.09,140.25,46.13,92,42,2.77,scattered clouds
408,Serebryanyy Bor,RU,2020-08-30 18:05:38,56.8,124.8,49.89,83,100,4.41,overcast clouds
409,Ostrovnoy,RU,2020-08-30 18:05:38,68.05,39.51,45.39,87,72,8.19,broken clouds
410,Mezen,RU,2020-08-30 18:05:38,65.85,44.24,48.97,97,98,5.99,light rain
411,Abu Dhabi,AE,2020-08-30 18:02:49,24.47,54.37,102.2,63,33,1.12,scattered clouds
412,Borogontsy,RU,2020-08-30 18:05:39,62.67,131.17,49.82,96,100,1.21,overcast clouds
413,Hirara,JP,2020-08-30 18:05:39,24.8,125.28,83.79,80,9,21.36,clear sky
414,Grand Gaube,MU,2020-08-30 18:05:39,-20.01,57.66,70.0,80,1,11.99,light rain
415,Khani,GE,2020-08-30 18:05:39,41.96,42.96,71.6,88,0,2.24,clear sky
416,Itaquyry,PY,2020-08-30 18:05:40,-24.93,-55.22,92.1,29,36,1.23,scattered clouds
417,Nanton,CA,2020-08-30 18:05:40,50.35,-113.77,61.0,45,19,1.99,few clouds
418,Waipawa,NZ,2020-08-30 18:05:40,-41.41,175.52,55.4,76,2,25.28,clear sky
419,Tripoli,LY,2020-08-30 18:02:09,32.88,13.19,87.01,53,0,19.95,clear sky
420,Mana,GF,2020-08-30 18:05:40,5.66,-53.78,86.81,65,65,12.26,light rain
421,Jumla,NP,2020-08-30 18:05:41,29.27,82.18,61.84,70,52,0.76,broken clouds
422,Khvorostyanka,RU,2020-08-30 18:05:41,52.61,48.96,61.57,64,71,3.65,broken clouds
423,Cerqueira Cesar,BR,2020-08-30 18:05:41,-23.04,-49.17,85.01,32,0,7.07,clear sky
424,Labuhan,ID,2020-08-30 18:05:41,-6.88,112.21,76.86,78,45,7.67,scattered clouds
425,Seydisehir,TR,2020-08-30 18:05:42,37.42,31.85,69.91,24,0,0.94,clear sky
426,Yantzaza,EC,2020-08-30 18:05:42,-3.83,-78.76,86.0,33,75,5.82,broken clouds
427,Ryotsu,JP,2020-08-30 18:05:43,38.08,138.43,77.0,100,90,2.24,overcast clouds
428,Baracoa,CU,2020-08-30 18:05:43,20.35,-74.5,85.78,71,27,7.63,scattered clouds
429,Paamiut,GL,2020-08-30 18:05:43,61.99,-49.67,49.26,69,100,9.1,overcast clouds
430,Yar-Sale,RU,2020-08-30 18:04:44,66.83,70.83,38.98,90,47,8.39,scattered clouds
431,Teguise,ES,2020-08-30 18:05:43,29.06,-13.56,77.0,61,20,26.4,few clouds
432,Peniche,PT,2020-08-30 18:05:44,39.36,-9.38,71.01,69,0,14.0,clear sky
433,Taoudenni,ML,2020-08-30 18:05:45,22.68,-3.98,102.09,23,84,9.57,broken clouds
434,Kisiwani,TZ,2020-08-30 18:05:45,-4.13,37.95,69.01,64,1,5.7,clear sky
435,Tual,ID,2020-08-30 18:05:45,-5.67,132.75,78.84,85,93,18.9,overcast clouds
436,Sur,OM,2020-08-30 18:05:46,22.57,59.53,85.64,63,71,10.96,broken clouds
437,Ulaangom,MN,2020-08-30 18:05:46,49.98,92.07,56.3,55,33,2.62,scattered clouds
438,Wanning,CN,2020-08-30 18:05:47,18.8,110.4,79.0,82,68,2.86,broken clouds
439,Inuvik,CA,2020-08-30 18:05:47,68.35,-133.72,41.0,80,90,3.36,overcast clouds
440,Chapais,CA,2020-08-30 18:05:47,49.78,-74.85,55.4,71,90,11.41,overcast clouds
441,Mumford,GH,2020-08-30 18:05:48,5.26,-0.76,75.33,85,100,11.86,overcast clouds
442,Falam,MM,2020-08-30 18:05:48,22.92,93.68,62.49,100,100,2.8,overcast clouds
443,Poland,US,2020-08-30 18:01:20,44.06,-70.39,66.99,55,90,13.87,overcast clouds
444,Mehamn,NO,2020-08-30 18:05:49,71.04,27.85,48.2,66,40,14.99,scattered clouds
445,Ilanskiy,RU,2020-08-30 18:05:49,56.24,96.06,53.06,95,100,5.5,light rain
446,Khonsa,IN,2020-08-30 18:05:49,27.02,95.57,68.74,94,100,2.84,overcast clouds
447,Batagay,RU,2020-08-30 18:05:49,67.63,134.63,44.92,59,66,3.09,broken clouds
448,Sorong,ID,2020-08-30 18:05:50,-0.88,131.25,77.34,89,36,8.59,scattered clouds
449,Bengkulu,ID,2020-08-30 18:05:50,-3.8,102.27,76.78,85,86,4.09,light rain
450,Lavrentiya,RU,2020-08-30 18:05:51,65.58,-171.0,44.8,77,74,17.65,broken clouds
451,Glendive,US,2020-08-30 18:05:51,47.11,-104.71,60.8,44,75,20.8,broken clouds
452,Pacific Grove,US,2020-08-30 18:05:51,36.62,-121.92,62.6,72,90,3.53,overcast clouds
453,Ilirska Bistrica,SI,2020-08-30 18:05:52,45.57,14.24,73.99,87,63,6.96,broken clouds
454,Fuzhou,CN,2020-08-30 18:05:52,26.06,119.31,82.4,88,9,8.95,clear sky
455,Kisangani,CD,2020-08-30 18:05:52,0.52,25.2,73.6,88,22,1.57,few clouds
456,Chipata,ZM,2020-08-30 18:05:52,-13.63,32.65,73.78,23,0,9.69,clear sky
457,Puerto Colombia,CO,2020-08-30 18:01:46,10.99,-74.95,86.0,74,75,4.7,broken clouds
458,Dudinka,RU,2020-08-30 18:05:53,69.41,86.18,48.2,100,90,13.42,fog
459,Aquin,HT,2020-08-30 18:05:53,18.28,-73.4,84.85,74,26,3.4,light rain
460,Isangel,VU,2020-08-30 18:05:53,-19.55,169.27,68.25,83,98,12.62,overcast clouds
461,Akyab,MM,2020-08-30 18:05:53,20.15,92.9,81.84,86,100,6.87,overcast clouds
462,Zhuhai,CN,2020-08-30 18:02:56,22.28,113.57,84.99,83,20,3.36,few clouds
463,Woodstock,CA,2020-08-30 18:04:17,43.13,-80.75,70.0,64,40,8.05,scattered clouds
464,Gorontalo,ID,2020-08-30 18:05:27,0.54,123.06,74.79,87,56,3.36,broken clouds
465,Sakakah,SA,2020-08-30 18:05:54,29.97,40.21,98.6,9,0,9.82,clear sky
466,Bilma,NE,2020-08-30 18:05:54,18.69,12.92,95.09,34,2,9.13,clear sky
467,Coihaique,CL,2020-08-30 18:04:06,-45.58,-72.07,51.8,78,20,6.93,few clouds
468,Taraz,KZ,2020-08-30 18:05:55,42.9,71.37,60.8,82,6,4.47,clear sky
469,Korla,CN,2020-08-30 18:05:55,41.76,86.15,75.99,61,6,3.0,clear sky
470,Ust-Nera,RU,2020-08-30 18:05:55,64.57,143.2,44.29,76,96,0.92,overcast clouds
471,Vila Velha,BR,2020-08-30 18:05:56,-20.33,-40.29,80.6,74,20,16.11,few clouds
472,Milkovo,RU,2020-08-30 18:05:56,54.72,158.62,38.16,89,51,1.3,broken clouds
473,Predivinsk,RU,2020-08-30 18:05:56,57.07,93.44,52.45,95,33,2.39,scattered clouds
474,Chicama,PE,2020-08-30 18:03:33,-7.84,-79.15,71.02,57,58,11.9,broken clouds
475,Gornopravdinsk,RU,2020-08-30 18:05:56,60.05,69.9,64.51,91,75,7.14,broken clouds
476,Mahebourg,MU,2020-08-30 18:01:40,-20.41,57.7,71.6,83,75,13.87,light intensity shower rain
477,Daru,PG,2020-08-30 18:05:57,-9.08,143.21,77.38,88,100,17.81,light rain
478,Bafq,IR,2020-08-30 18:05:57,31.61,55.41,71.56,22,0,5.08,clear sky
479,Lazaro Cardenas,MX,2020-08-30 18:03:34,17.96,-102.2,82.54,80,100,6.91,light rain
480,Korem,ET,2020-08-30 18:05:58,12.51,39.52,58.41,84,15,3.94,moderate rain
481,Bajil,YE,2020-08-30 18:03:17,15.06,43.29,91.6,46,100,4.7,overcast clouds
482,Coos Bay,US,2020-08-30 18:05:58,43.37,-124.22,72.0,55,1,11.41,clear sky
483,Kawalu,ID,2020-08-30 18:05:58,-7.38,108.21,71.49,89,100,1.9,overcast clouds
484,Makasar,ID,2020-08-30 18:05:59,-5.14,119.42,73.4,83,20,4.7,few clouds
485,Mazagao,BR,2020-08-30 18:01:57,-0.12,-51.29,91.4,63,75,12.75,broken clouds
486,Nicoya,CR,2020-08-30 18:05:59,10.15,-85.45,89.6,59,40,11.41,scattered clouds
487,Qingdao,CN,2020-08-30 18:05:13,36.1,120.37,79.0,88,40,4.47,light rain
488,Glomfjord,NO,2020-08-30 18:05:59,66.82,13.97,51.8,57,75,13.87,broken clouds
489,Yoichi,JP,2020-08-30 18:04:04,43.2,140.77,54.0,100,100,1.99,light rain
490,Hovd,MN,2020-08-30 18:06:00,48.01,91.64,55.71,54,10,1.01,clear sky
491,Emba,KZ,2020-08-30 18:06:00,48.83,58.14,77.94,22,7,11.1,clear sky
492,Kerema,PG,2020-08-30 18:06:00,-7.96,145.78,76.32,90,95,6.42,overcast clouds
493,Naryan-Mar,RU,2020-08-30 18:06:01,67.67,53.09,50.04,97,100,8.37,light rain
494,Ivanava,BY,2020-08-30 18:06:01,52.15,25.54,74.8,72,0,11.3,clear sky
495,Gravdal,NO,2020-08-30 18:06:01,68.12,13.5,48.2,66,40,3.36,scattered clouds
496,Flin Flon,CA,2020-08-30 18:06:02,54.77,-101.86,59.0,72,75,5.82,broken clouds
497,Huarmey,PE,2020-08-30 18:06:02,-10.07,-78.15,67.57,64,69,11.77,broken clouds
498,San Matias,BO,2020-08-30 18:06:02,-16.37,-58.4,103.87,19,33,7.07,scattered clouds
499,Yeppoon,AU,2020-08-30 18:06:02,-23.13,150.73,60.8,82,65,5.82,broken clouds
500,Mayo,US,2020-08-30 18:06:03,38.89,-76.51,82.0,50,40,5.82,scattered clouds
501,Praia,CV,2020-08-30 18:03:06,14.92,-23.51,84.2,74,75,10.29,broken clouds
502,Watertown,US,2020-08-30 18:04:01,42.37,-71.18,78.01,38,40,17.22,scattered clouds
503,Ouidah,BJ,2020-08-30 18:06:04,6.36,2.09,77.09,78,100,14.2,overcast clouds
504,Te Anau,NZ,2020-08-30 18:06:04,-45.42,167.72,48.0,74,53,10.6,broken clouds
505,Zhigalovo,RU,2020-08-30 18:06:04,54.81,105.16,51.58,89,85,3.11,overcast clouds
506,Xiongzhou,CN,2020-08-30 18:06:04,25.12,114.3,77.43,63,46,1.77,scattered clouds
507,Bonthe,SL,2020-08-30 18:06:05,7.53,-12.51,77.7,83,100,14.74,light rain
508,Verkhoyansk,RU,2020-08-30 18:06:05,67.54,133.38,45.82,61,71,3.47,broken clouds
509,Wiarton,CA,2020-08-30 18:06:05,44.74,-81.13,69.01,63,75,6.93,broken clouds
510,Korhogo,CI,2020-08-30 18:06:05,9.45,-5.63,76.6,89,33,5.68,light rain
511,Carman,CA,2020-08-30 18:06:06,49.5,-98.0,66.2,88,1,5.82,thunderstorm
512,Jacareacanga,BR,2020-08-30 18:06:06,-6.22,-57.75,96.66,35,42,7.58,scattered clouds
513,Sobradinho,BR,2020-08-30 18:06:06,-12.83,-39.1,81.7,53,22,9.6,few clouds
514,Mackay,AU,2020-08-30 18:06:06,-21.15,149.2,60.8,87,75,3.36,broken clouds
515,Portland,US,2020-08-30 18:05:15,45.52,-122.68,63.0,72,90,5.82,overcast clouds
516,La Orilla,MX,2020-08-30 18:06:07,17.98,-102.23,82.29,81,100,6.8,light rain
517,Farrukhnagar,IN,2020-08-30 18:06:07,17.08,78.2,78.01,94,75,4.7,mist
518,Ajra,IN,2020-08-30 18:06:07,16.12,74.2,69.19,96,66,4.76,broken clouds
519,Kumluca,TR,2020-08-30 18:06:07,36.37,30.29,88.03,34,0,3.69,clear sky
520,Tandil,AR,2020-08-30 18:06:08,-37.32,-59.13,53.89,41,0,17.38,clear sky
521,Provideniya,RU,2020-08-30 18:06:08,64.38,-173.3,46.53,73,45,21.43,scattered clouds
522,Moses Lake,US,2020-08-30 18:06:09,47.13,-119.28,73.4,23,1,17.22,clear sky
523,Dhidhdhoo,MV,2020-08-30 18:06:09,6.88,73.1,83.3,76,68,9.66,light rain
524,Quthing,LS,2020-08-30 18:06:09,-30.4,27.7,39.43,57,0,2.28,clear sky
525,Malgobek,RU,2020-08-30 18:06:09,43.51,44.59,66.2,68,20,8.95,few clouds
526,Jinxiang,CN,2020-08-30 18:06:09,22.86,115.7,81.27,84,95,7.92,overcast clouds
527,Finschhafen,PG,2020-08-30 18:06:10,-6.6,147.87,79.41,72,60,9.75,broken clouds
528,Bhakkar,PK,2020-08-30 18:06:10,31.63,71.07,96.93,34,17,8.9,few clouds
529,Sinegorye,RU,2020-08-30 18:06:10,62.08,150.48,36.48,78,0,3.8,clear sky
530,Adrar,MR,2020-08-30 18:06:10,20.5,-10.07,100.13,9,42,12.97,scattered clouds
531,Stokmarknes,NO,2020-08-30 18:06:10,68.56,14.91,46.99,65,20,8.05,few clouds
532,Buala,SB,2020-08-30 18:02:55,-8.14,159.59,80.94,83,30,9.08,scattered clouds
533,Avera,US,2020-08-30 18:02:05,33.19,-82.53,89.6,70,75,6.93,broken clouds
534,Miles City,US,2020-08-30 18:04:29,46.41,-105.84,62.6,42,75,21.92,broken clouds
535,Pierre,US,2020-08-30 18:02:33,44.37,-100.35,88.0,48,1,14.99,clear sky
536,Easton,US,2020-08-30 18:06:11,40.69,-75.22,77.0,53,20,10.29,few clouds
537,Santa Isabel Do Rio Negro,BR,2020-08-30 18:06:12,-0.41,-65.02,85.89,71,98,2.28,moderate rain
538,Kalyazin,RU,2020-08-30 18:06:12,57.24,37.84,62.31,91,100,6.49,moderate rain
539,Komsomolskiy,UZ,2020-08-30 18:06:12,40.43,71.72,75.2,53,3,2.24,clear sky
540,Anolaima,CO,2020-08-30 18:06:12,4.83,-74.5,60.8,59,75,9.17,broken clouds
541,Ostuacan,MX,2020-08-30 18:06:13,17.42,-93.3,87.03,64,56,1.57,broken clouds
542,Omsukchan,RU,2020-08-30 18:06:13,62.53,155.8,33.37,92,45,2.59,scattered clouds
543,Pirovskoye,RU,2020-08-30 18:06:13,57.63,92.27,52.97,95,62,3.04,broken clouds
544,Lichinga,MZ,2020-08-30 18:06:13,-13.31,35.24,69.8,56,20,4.7,smoke
545,Basco,PH,2020-08-30 18:06:13,20.45,121.97,83.64,81,53,16.53,broken clouds
546,Kaeo,NZ,2020-08-30 18:06:14,-35.1,173.78,46.0,3,28,1.99,scattered clouds
547,Mahibadhoo,MV,2020-08-30 18:06:14,3.78,72.97,83.79,63,25,4.27,scattered clouds
548,Nantucket,US,2020-08-30 18:01:28,41.28,-70.1,75.2,60,1,24.16,clear sky
549,Longjiang,CN,2020-08-30 18:06:14,47.33,123.18,57.83,98,100,3.94,light rain
550,Remedios,CU,2020-08-30 18:06:15,22.49,-79.55,89.6,59,75,4.7,broken clouds
551,Novovasylivka,UA,2020-08-30 18:06:15,46.83,35.75,74.82,34,0,7.74,clear sky
552,Huimanguillo,MX,2020-08-30 18:06:15,17.85,-93.38,91.4,66,40,2.19,scattered clouds
553,Hermosillo,MX,2020-08-30 18:06:16,29.07,-110.97,87.8,62,75,9.17,broken clouds
554,Tyrma,RU,2020-08-30 18:06:16,50.08,132.17,52.61,79,100,4.34,overcast clouds
555,Washington,US,2020-08-30 18:04:47,47.5,-120.5,70.0,33,0,5.01,clear sky
556,Dalvik,IS,2020-08-30 18:06:17,65.97,-18.53,62.6,55,75,24.16,broken clouds
557,Xichang,CN,2020-08-30 18:06:17,27.9,102.26,66.69,83,100,3.4,moderate rain
558,Gawler,AU,2020-08-30 18:06:17,-34.6,138.73,51.01,86,9,2.15,clear sky
559,Yenagoa,NG,2020-08-30 18:06:17,4.92,6.26,75.99,89,100,5.48,light rain
560,Bud,US,2020-08-30 18:06:17,39.45,-86.18,77.0,59,97,7.83,overcast clouds
561,Sambava,MG,2020-08-30 18:06:18,-14.27,50.17,72.73,85,39,11.36,scattered clouds
562,Miravci,MK,2020-08-30 18:06:18,41.31,22.43,75.99,69,0,1.99,clear sky
563,Kutoarjo,ID,2020-08-30 18:06:18,-7.72,109.91,72.82,86,92,1.21,overcast clouds
564,Tecoman,MX,2020-08-30 18:06:18,18.92,-103.88,75.2,83,90,2.8,drizzle
565,San Javier,ES,2020-08-30 18:06:19,37.81,-0.84,77.0,57,20,10.29,few clouds
566,Moerai,PF,2020-08-30 18:06:19,-22.43,-151.33,69.37,80,67,17.34,light rain
567,Ninghai,CN,2020-08-30 18:06:19,29.29,121.42,84.0,94,22,2.24,few clouds
568,Chingola,ZM,2020-08-30 18:06:19,-12.53,27.88,71.1,23,0,1.5,clear sky
569,Mogadishu,SO,2020-08-30 18:02:44,2.04,45.34,78.15,83,52,14.14,broken clouds
570,Oum Hadjer,TD,2020-08-30 18:06:21,13.3,19.7,76.44,83,90,8.08,moderate rain
571,Harper,LR,2020-08-30 18:06:21,4.38,-7.72,76.39,81,87,12.5,overcast clouds
572,Oksfjord,NO,2020-08-30 18:06:21,70.24,22.35,50.0,66,78,6.93,broken clouds
573,Saint-Augustin,CA,2020-08-30 18:06:22,51.23,-58.65,60.35,57,48,14.0,scattered clouds
574,Khowai,IN,2020-08-30 18:06:22,24.1,91.63,77.68,95,100,5.03,overcast clouds
575,Faanui,PF,2020-08-30 18:06:22,-16.48,-151.75,76.51,76,14,23.55,few clouds
576,Sapele,NG,2020-08-30 18:06:22,5.89,5.68,76.17,87,100,5.7,overcast clouds
577,Dubbo,AU,2020-08-30 18:06:22,-32.25,148.62,50.0,76,1,9.17,clear sky
578,Vila,PT,2020-08-30 18:06:23,42.03,-8.16,68.0,40,0,8.99,clear sky
579,Akureyri,IS,2020-08-30 18:06:23,65.68,-18.09,62.6,55,75,24.16,broken clouds
580,Sungaipenuh,ID,2020-08-30 18:06:23,-2.08,101.38,64.9,92,99,2.48,overcast clouds
581,Innisfail,AU,2020-08-30 18:06:24,-17.53,146.03,68.67,88,99,6.64,light rain
582,Tieling,CN,2020-08-30 18:06:24,42.29,123.84,73.0,32,88,3.98,overcast clouds
583,Maceio,BR,2020-08-30 18:06:24,-9.67,-35.74,82.4,61,75,12.75,broken clouds
584,Aqtobe,KZ,2020-08-30 18:06:25,50.28,57.21,75.2,27,27,11.18,scattered clouds
585,Kourou,GF,2020-08-30 18:06:25,5.16,-52.65,89.6,62,34,13.87,scattered clouds
586,Atar,MR,2020-08-30 18:04:14,20.52,-13.05,100.62,13,0,12.35,clear sky
587,Zhatay,RU,2020-08-30 18:06:25,62.16,129.83,50.0,93,95,2.24,mist
588,Cork,IE,2020-08-30 18:06:26,51.9,-8.47,59.0,76,40,8.05,scattered clouds
589,Ballina,AU,2020-08-30 18:06:26,-28.87,153.57,54.0,93,0,3.36,clear sky
590,Hami,CN,2020-08-30 18:06:27,42.8,93.45,71.31,22,0,6.69,clear sky
591,Fayaoue,NC,2020-08-30 18:06:07,-20.65,166.53,68.23,71,22,18.79,few clouds
592,Talnakh,RU,2020-08-30 18:02:51,69.49,88.4,48.2,100,90,13.42,fog
593,Lulea,SE,2020-08-30 18:06:27,65.58,22.15,53.6,81,85,3.36,light rain
594,Porto Novo,BJ,2020-08-30 18:05:01,6.5,2.6,77.47,76,100,11.48,overcast clouds
595,Panguna,PG,2020-08-30 18:06:28,-6.32,155.48,68.95,93,60,2.13,broken clouds
596,Shakawe,BW,2020-08-30 18:06:28,-18.37,21.85,71.2,22,0,5.97,clear sky
597,Axim,GH,2020-08-30 18:06:28,4.87,-2.24,76.21,81,89,10.13,overcast clouds
598,West Bay,KY,2020-08-30 18:06:29,19.37,-81.42,89.6,75,20,6.93,few clouds
599,Petropavlovsk-Kamchatskiy,RU,2020-08-30 18:06:29,53.05,158.65,41.0,100,79,8.95,broken clouds
600,Timiryazevskoye,RU,2020-08-30 18:06:29,56.49,84.88,59.0,100,57,2.24,mist
601,Anloga,GH,2020-08-30 18:06:30,5.79,0.9,76.28,81,99,15.05,overcast clouds
602,Breves,BR,2020-08-30 18:06:30,-1.68,-50.48,93.36,44,5,7.38,clear sky
603,Umkomaas,ZA,2020-08-30 18:06:30,-30.21,30.8,54.0,77,100,4.0,overcast clouds
604,Punta Gorda,US,2020-08-30 18:02:25,26.93,-82.05,91.4,63,20,12.75,few clouds
605,Palora,EC,2020-08-30 18:06:30,-1.7,-77.93,80.6,61,40,5.82,scattered clouds
606,Lagos,NG,2020-08-30 18:01:40,6.58,3.75,77.0,81,100,8.21,overcast clouds
607,Stilfontein,ZA,2020-08-30 18:06:31,-26.84,26.77,47.37,42,0,5.48,clear sky
608,Nador,MA,2020-08-30 18:04:54,35.17,-2.93,78.8,69,40,8.05,scattered clouds
609,Vila Do Maio,CV,2020-08-30 18:06:31,15.13,-23.22,84.2,74,75,10.29,broken clouds
610,Alta Floresta,BR,2020-08-30 18:06:32,-9.88,-56.09,96.8,34,20,3.36,smoke
611,Nyrob,RU,2020-08-30 18:06:32,60.73,56.72,56.48,95,67,7.78,broken clouds
612,Sharjah,AE,2020-08-30 18:01:59,25.36,55.4,102.2,23,15,8.05,few clouds
613,Kargasok,RU,2020-08-30 18:06:32,59.06,80.86,55.09,93,40,5.19,scattered clouds
614,Acapulco,MX,2020-08-30 18:03:31,16.86,-99.89,86.0,66,40,4.7,scattered clouds
615,Kungurtug,RU,2020-08-30 18:06:33,50.6,97.52,45.46,86,97,1.23,overcast clouds
616,Selma,US,2020-08-30 18:02:51,36.57,-119.61,84.0,39,1,6.93,clear sky
617,Wangaratta,AU,2020-08-30 18:06:33,-36.37,146.33,46.4,81,29,11.41,scattered clouds
618,Inhambane,MZ,2020-08-30 18:02:22,-23.86,35.38,72.27,82,80,12.39,broken clouds
619,Salinopolis,BR,2020-08-30 18:06:33,-0.61,-47.36,84.81,69,62,18.01,light rain
620,Ulaanbaatar,MN,2020-08-30 18:02:02,47.91,106.88,51.8,87,90,2.24,light rain
621,Asfi,MA,2020-08-30 18:06:34,32.3,-9.24,75.45,56,0,27.72,clear sky
622,Kibakwe,TZ,2020-08-30 18:06:34,-6.72,36.37,66.56,55,0,5.75,clear sky
623,Jiangyou,CN,2020-08-30 18:06:34,31.77,104.72,67.55,85,100,10.85,moderate rain
624,Pindi Gheb,PK,2020-08-30 18:06:34,33.24,72.27,80.6,88,31,6.93,scattered clouds
625,Dhankuta,NP,2020-08-30 18:06:35,26.98,87.33,71.29,86,91,1.74,overcast clouds
626,Hamadan,IR,2020-08-30 18:06:35,34.8,48.51,69.8,19,0,6.93,clear sky
627,Newport,GB,2020-08-30 18:06:33,51.59,-3.0,62.01,62,63,6.64,broken clouds
628,Cabedelo,BR,2020-08-30 18:06:35,-6.98,-34.83,84.2,54,20,14.99,few clouds
629,Hare Bay,CA,2020-08-30 18:06:35,48.85,-54.01,53.6,93,90,16.11,light intensity drizzle
630,Erdenet,MN,2020-08-30 18:06:36,49.03,104.08,46.9,94,100,4.5,overcast clouds
631,Okhotsk,RU,2020-08-30 18:06:36,59.38,143.3,53.11,83,100,8.43,overcast clouds
632,Taikang,CN,2020-08-30 18:06:37,46.83,124.42,63.07,93,100,5.91,light rain
633,Noumea,NC,2020-08-30 18:06:37,-22.28,166.46,69.01,82,78,3.36,broken clouds
634,Bathsheba,BB,2020-08-30 18:06:37,13.22,-59.52,87.8,70,40,14.99,scattered clouds
635,Luanda,AO,2020-08-30 18:01:46,-8.84,13.23,71.6,78,20,10.29,few clouds
636,Berdigestyakh,RU,2020-08-30 18:06:37,62.1,126.7,48.34,96,44,2.66,scattered clouds
637,Vytegra,RU,2020-08-30 18:06:38,61.01,36.45,49.14,94,88,4.23,overcast clouds
638,Cockburn Town,TC,2020-08-30 18:06:39,21.46,-71.14,87.8,62,40,12.75,scattered clouds
639,Partizanskoye,RU,2020-08-30 18:06:39,55.5,94.39,52.14,92,58,10.29,light rain
640,Turkmenabat,TM,2020-08-30 18:06:39,39.07,63.58,80.6,24,0,13.87,clear sky
641,Peace River,CA,2020-08-30 18:06:40,56.25,-117.29,50.0,53,20,19.46,few clouds
642,Na Wa,TH,2020-08-30 18:06:40,17.49,104.1,78.19,88,100,3.83,moderate rain
643,Kindersley,CA,2020-08-30 18:06:41,51.47,-109.17,51.8,53,20,28.86,few clouds
644,Maldonado,UY,2020-08-30 18:06:41,-34.67,-54.92,51.8,53,75,12.75,broken clouds
645,Talakan,RU,2020-08-30 18:06:41,50.32,130.37,54.27,72,100,7.14,overcast clouds
646,Mvuma,ZW,2020-08-30 18:06:42,-19.28,30.53,69.53,57,24,15.57,few clouds
647,Eskil,TR,2020-08-30 18:06:42,38.4,33.41,77.76,18,0,8.66,clear sky
648,Cap Malheureux,MU,2020-08-30 18:06:42,-19.98,57.61,70.0,80,0,11.99,light rain
649,Prnjavor,BA,2020-08-30 18:06:43,44.87,17.66,82.4,37,54,8.05,broken clouds
650,Hof,DE,2020-08-30 18:06:43,50.32,11.92,55.0,100,75,10.29,heavy intensity rain
651,Denizli,TR,2020-08-30 18:06:43,37.84,29.07,87.8,14,0,5.82,clear sky
652,Trapani,IT,2020-08-30 18:06:43,37.83,12.67,87.8,74,20,14.99,few clouds
653,Prince Rupert,CA,2020-08-30 18:06:43,54.32,-130.32,53.6,93,90,9.17,light rain
654,Nhulunbuy,AU,2020-08-30 18:06:44,-12.23,136.77,75.2,83,75,10.29,broken clouds
655,Severo-Yeniseyskiy,RU,2020-08-30 18:06:44,60.37,93.04,46.58,95,36,1.88,scattered clouds
656,Sorata,BO,2020-08-30 18:06:44,-15.77,-68.63,56.66,49,6,13.24,clear sky
657,Yumen,CN,2020-08-30 18:06:45,40.28,97.2,58.57,34,0,5.91,clear sky
658,Dongkan,CN,2020-08-30 18:06:45,34.0,119.83,76.91,96,100,6.29,overcast clouds
659,Tucumcari,US,2020-08-30 18:06:45,35.17,-103.72,86.0,40,1,18.34,clear sky
660,Stolbishche,RU,2020-08-30 18:06:45,55.65,49.22,59.0,77,99,6.71,overcast clouds
661,Bintulu,MY,2020-08-30 18:06:46,3.17,113.03,78.8,94,40,2.73,scattered clouds
662,Batticaloa,LK,2020-08-30 18:06:46,7.71,81.69,81.3,78,99,5.75,overcast clouds
663,Palana,RU,2020-08-30 18:06:46,59.12,159.97,42.78,91,57,5.64,broken clouds
664,Saint Anthony,US,2020-08-30 18:06:46,45.02,-93.22,75.99,49,1,12.75,clear sky
665,Nouakchott,MR,2020-08-30 18:02:00,18.09,-15.98,87.8,66,2,14.99,dust
666,Slavyanka,RU,2020-08-30 18:06:47,42.86,131.38,63.91,84,100,8.3,overcast clouds
667,Sorland,NO,2020-08-30 18:06:47,67.67,12.69,50.0,61,40,8.05,scattered clouds
668,Belmonte,BR,2020-08-30 18:06:47,-15.86,-38.88,78.8,74,20,16.11,few clouds
669,Mindelo,CV,2020-08-30 18:06:47,16.89,-24.98,87.8,58,40,17.22,scattered clouds
670,Rawah,IQ,2020-08-30 18:06:47,34.48,41.91,96.39,11,0,10.04,clear sky
671,Kawardha,IN,2020-08-30 18:06:48,22.02,81.25,77.63,82,0,5.21,clear sky
672,Suez,EG,2020-08-30 18:06:48,29.97,32.53,82.18,63,0,13.02,clear sky
673,Praia Da Vitoria,PT,2020-08-30 18:03:55,38.73,-27.07,82.4,74,40,7.27,scattered clouds
674,Dabhol,IN,2020-08-30 18:06:49,17.6,73.17,76.73,91,100,4.09,light rain
675,Morro Da Fumaca,BR,2020-08-30 18:06:49,-28.65,-49.21,62.83,89,100,9.42,light rain
676,Tsiroanomandidy,MG,2020-08-30 18:06:49,-18.77,46.03,68.88,53,47,7.36,scattered clouds
677,Buwenge,UG,2020-08-30 18:06:49,0.64,33.17,67.3,89,91,1.12,light rain
678,Ferme-Neuve,CA,2020-08-30 18:06:50,46.7,-75.45,61.84,52,80,10.33,broken clouds
679,Japura,ID,2020-08-30 18:06:50,-0.32,102.35,74.01,94,44,2.42,light rain
680,Alto Araguaia,BR,2020-08-30 18:06:51,-17.31,-53.22,99.34,11,0,1.77,clear sky
681,Pipri,IN,2020-08-30 18:06:51,19.8,75.53,72.97,87,45,9.93,scattered clouds
682,Palimbang,PH,2020-08-30 18:06:51,6.21,124.19,79.27,72,99,3.42,overcast clouds
683,Taldan,RU,2020-08-30 18:06:51,53.67,124.8,51.8,99,100,7.14,moderate rain
684,Frankfort,ZA,2020-08-30 18:06:52,-27.27,28.48,43.88,48,0,6.15,clear sky
685,Rock Sound,BS,2020-08-30 18:06:52,24.9,-76.2,83.82,65,53,4.05,broken clouds
686,Surt,LY,2020-08-30 18:04:54,31.21,16.59,81.18,71,0,15.32,clear sky
687,La Paz,BO,2020-08-30 18:02:17,-16.5,-68.15,60.8,25,40,6.93,scattered clouds
688,Katangli,RU,2020-08-30 18:06:52,51.71,143.23,44.04,88,34,7.02,scattered clouds
689,Karatau,KZ,2020-08-30 18:06:53,43.17,70.47,71.6,29,0,4.32,clear sky
690,Kilindoni,TZ,2020-08-30 18:06:53,-7.91,39.67,76.55,76,0,14.61,clear sky
691,Panzhihua,CN,2020-08-30 18:06:53,26.59,101.71,72.81,79,100,1.23,moderate rain
692,Chernyshevskiy,RU,2020-08-30 18:06:53,63.01,112.47,47.25,89,1,3.53,clear sky
693,Srivardhan,IN,2020-08-30 18:06:53,18.03,73.02,79.38,88,100,5.79,light rain
694,Tessalit,ML,2020-08-30 18:06:54,20.2,1.01,92.01,40,56,14.36,broken clouds
695,Sarahan,IN,2020-08-30 18:06:54,31.52,77.8,62.8,75,36,0.67,scattered clouds
696,Gashua,NG,2020-08-30 18:06:55,12.87,11.05,85.93,51,25,6.71,scattered clouds
697,Stornoway,GB,2020-08-30 18:06:55,58.21,-6.39,55.99,76,60,4.7,broken clouds
698,Pangai,TO,2020-08-30 18:06:55,-19.8,-174.35,77.0,88,75,13.87,broken clouds
699,Dongning,CN,2020-08-30 18:06:56,44.06,131.12,63.36,91,99,1.99,overcast clouds
700,Appleton,US,2020-08-30 18:06:56,44.26,-88.42,72.0,42,40,5.64,scattered clouds
701,Nouadhibou,MR,2020-08-30 18:06:13,20.93,-17.03,80.6,65,0,20.8,sand
702,Dzhebariki-Khaya,RU,2020-08-30 18:06:58,62.22,135.8,49.87,79,100,9.62,light rain
703,Whitehorse,CA,2020-08-30 18:06:58,60.72,-135.05,44.6,93,90,11.41,light rain
704,Aasiaat,GL,2020-08-30 18:02:20,68.71,-52.87,41.9,73,0,9.01,clear sky
705,Sibolga,ID,2020-08-30 18:06:58,1.74,98.78,76.32,83,100,3.27,overcast clouds
706,Maturin,VE,2020-08-30 18:04:36,9.75,-63.18,87.94,64,98,3.44,light rain
707,Eganville,CA,2020-08-30 18:06:59,45.53,-77.1,64.4,63,90,10.98,overcast clouds
708,Balagansk,RU,2020-08-30 18:06:59,54.01,103.05,52.97,89,98,5.95,overcast clouds
709,Esna,EG,2020-08-30 18:06:59,25.29,32.55,96.8,32,0,3.36,clear sky
710,Mandera,KE,2020-08-30 18:06:59,3.94,41.87,86.4,43,37,18.59,scattered clouds
711,Mochudi,BW,2020-08-30 18:07:00,-24.42,26.15,64.4,11,0,9.17,clear sky
